id,first_name,last_name,email,gender,ip_address
1,Xavier,McCloud,xmccloud0@amazon.co.jp,Male,137.165.248.54
2,Pierrette,Bowler,pbowler1@smugmug.com,Female,233.12.116.220
3,Crosby,Bullas,cbullas2@baidu.com,Male,202.221.71.92
4,Agathe,D'Antuoni,adantuoni3@unblog.fr,Female,176.184.71.190
5,Martelle,Anthony,manthony4@technorati.com,Female,211.48.203.145
6,Sanders,Colafate,scolafate5@dyndns.org,Bigender,32.162.157.65
7,Ronda,Scotford,rscotford6@dmoz.org,Polygender,51.24.57.62
8,Juana,Viles,jviles7@intel.com,Female,144.150.159.246
9,Abramo,Keysall,akeysall8@unc.edu,Male,42.103.143.50
10,Corette,Maffucci,cmaffucci9@wordpress.org,Female,151.155.147.112
